<?xml version="1.0" encoding="UTF-8"?>
<project-private xmlns="http://www.netbeans.org/ns/project-private/1">
    <editor-bookmarks xmlns="http://www.netbeans.org/ns/editor-bookmarks/2" lastBookmarkId="1">
        <file>
            <url>src/java/pr12/FileDB.java</url>
            <bookmark id="1">
                <name/>
                <line>57</line>
                <key/>
            </bookmark>
        </file>
    </editor-bookmarks>
    <open-files xmlns="http://www.netbeans.org/ns/projectui-open-files/2">
        <group>
            <file>file:/C:/Users/mttk92/Desktop/Members/Web/web/ex15/insert3.jsp</file>
            <file>file:/C:/Users/mttk92/Desktop/Members/Web/web/ex15/search.jsp</file>
            <file>file:/C:/Users/mttk92/Desktop/Members/Web/src/java/ex15/FilmDB.java</file>
            <file>file:/C:/Users/mttk92/Desktop/Members/Web/web/ex15/search1_2.jsp</file>
            <file>file:/C:/Users/mttk92/Desktop/Members/Web/web/ex15/comment4.jsp</file>
            <file>file:/C:/Users/mttk92/Desktop/Members/Web/web/ex15/search3_1.jsp</file>
            <file>file:/C:/Users/mttk92/Desktop/Members/Web/web/ex15/comment3.jsp</file>
            <file>file:/C:/Users/mttk92/Desktop/Members/Web/src/java/ex15/FileDB.java</file>
            <file>file:/C:/Users/mttk92/Desktop/Members/Web/web/ex15/list2.jsp</file>
            <file>file:/C:/Users/mttk92/Desktop/Members/Web/web/ex15/insert_dir2.jsp</file>
            <file>file:/C:/Users/mttk92/Desktop/Members/Web/web/ex15/search3_2.jsp</file>
            <file>file:/C:/Users/mttk92/Desktop/Members/Web/web/WEB-INF/web.xml</file>
            <file>file:/C:/Users/mttk92/Desktop/Members/Web/web/ex15/insert0.jsp</file>
            <file>file:/C:/Users/mttk92/Desktop/Members/Web/web/ex15/search2_1.jsp</file>
            <file>file:/C:/Users/mttk92/Desktop/Members/Web/src/conf/MANIFEST.MF</file>
            <file>file:/C:/Users/mttk92/Desktop/Members/Web/src/java/ex15/CommentDB.java</file>
            <file>file:/C:/Users/mttk92/Desktop/Members/Web/web/ex15/list1.jsp</file>
            <file>file:/C:/Users/mttk92/Desktop/Members/Web/web/ex15/comment2.jsp</file>
            <file>file:/C:/Users/mttk92/Desktop/Members/Web/web/ex15/insert_com2.jsp</file>
            <file>file:/C:/Users/mttk92/Desktop/Members/Web/web/ex15/insert1.jsp</file>
            <file>file:/C:/Users/mttk92/Desktop/Members/Web/web/ex15/insert_dir1.jsp</file>
            <file>file:/C:/Users/mttk92/Desktop/Members/Web/src/java/ex15/CreatorDB.java</file>
            <file>file:/C:/Users/mttk92/Desktop/Members/Web/web/ex15/search2_2.jsp</file>
            <file>file:/C:/Users/mttk92/Desktop/Members/Web/web/ex15/search1_1.jsp</file>
            <file>file:/C:/Users/mttk92/Desktop/Members/Web/web/ex15/list0.jsp</file>
            <file>file:/C:/Users/mttk92/Desktop/Members/Web/web/ex15/comment1.jsp</file>
            <file>file:/C:/Users/mttk92/Desktop/Members/Web/web/META-INF/context.xml</file>
            <file>file:/C:/Users/mttk92/Desktop/Members/Web/web/ex15/comment0.jsp</file>
            <file>file:/C:/Users/mttk92/Desktop/Members/Web/web/ex15/insert2.jsp</file>
            <file>file:/C:/Users/mttk92/Desktop/Members/Web/web/ex15/menu.jsp</file>
        </group>
    </open-files>
</project-private>
